,res,diameter,aniso_cell,area,c_perimeter,volume,center_diameter,l,b
0,True,28.612647231751286,1.370695072709219,0.7466458359719129,3.3004532292600874,2850.239378457572,"vert
0       4867.853401
1       3094.443294
2       3028.216580
3       3406.982346
4       4663.538663
           ...     
3295    2810.810859
3296    2575.412569
3297    2433.586032
3298    1573.200913
3299    2037.121610
Length: 3300, dtype: float64",1e-06,0.001
1,True,28.985727859358185,1.3499714967888818,0.7493625780196032,3.301096082177146,2814.4914780202744,"vert
0       4130.805906
1       2614.522548
2       2529.781876
3       2759.847265
4       4155.116172
           ...     
3295    2551.754429
3296    2991.970387
3297    2825.769718
3298    1488.546950
3299    1942.941132
Length: 3300, dtype: float64",1.8478497974222908e-06,0.001
2,True,28.75621053436162,1.4592549897008174,0.7589795655849885,3.346911559198515,3166.4991714981466,"vert
0       5365.899481
1       4008.313188
2       4002.046690
3       4247.588565
4       5186.517459
           ...     
3295    3270.580645
3296    3173.926798
3297    2910.544085
3298    1996.216571
3299    2537.685134
Length: 3300, dtype: float64",3.4145488738336005e-06,0.001
3,True,29.211741897657234,1.4781036904490747,0.7762697766315911,3.3880894490051228,3367.172514748724,"vert
0       5655.075240
1       4251.428798
2       4545.533033
3       4732.219390
4       5561.937616
           ...     
3295    3323.323572
3296    3152.020458
3297    2975.750801
3298    2119.019321
3299    2630.326527
Length: 3300, dtype: float64",6.30957344480193e-06,0.001
4,True,29.238252888110296,1.577240144261289,0.8027704243194205,3.4720260156843397,3747.9012553842167,"vert
0       6119.410474
1       5703.411606
2       5814.159267
3       5856.726201
4       6134.775183
           ...     
3295    4128.733252
3296    4007.817677
3297    3686.494803
3298    2820.460719
3299    3507.296188
Length: 3300, dtype: float64",1.165914401179831e-05,0.001
5,True,29.560972552765357,1.6229837316368878,0.8426348262630748,3.5698372328413432,4108.171720373145,"vert
0       7120.822658
1       6800.912041
2       6956.602669
3       6980.536412
4       7051.173873
           ...     
3295    4805.502332
3296    4649.258777
3297    4252.078565
3298    3338.262101
3299    4182.766003
Length: 3300, dtype: float64",2.154434690031882e-05,0.001
6,True,30.190395558265433,1.6519759774112386,0.8836823915890586,3.6659835043193345,4502.997346943989,"vert
0       7891.386829
1       7845.507008
2       7851.777463
3       7880.726049
4       7904.514274
           ...     
3295    5566.419288
3296    5421.716632
3297    5019.482928
3298    3987.563148
3299    4890.837900
Length: 3300, dtype: float64",3.9810717055349695e-05,0.001
7,True,30.36741741250889,1.6851672066058485,0.9265740780776669,3.764747503999445,4874.046504081962,"vert
0       9226.929399
1       9261.097903
2       9256.859785
3       9286.031874
4       9232.773720
           ...     
3295    6406.534001
3296    6233.504255
3297    5720.577275
3298    4609.369663
3299    5684.980561
Length: 3300, dtype: float64",7.356422544596421e-05,0.001
8,True,30.653358290404995,1.7071347894652946,0.9568754104189079,3.8331059329170367,5153.879123729612,"vert
0       10118.912451
1       10216.387562
2       10163.662783
3       10199.249394
4       10120.223828
            ...     
3295     7032.427902
3296     6871.025818
3297     6300.748837
3298     5097.590177
3299     6281.267374
Length: 3300, dtype: float64",0.00013593563908785255,0.001
9,True,30.85846621460983,1.7203443451718243,0.9771721918409296,3.8783427587662676,5345.464107909964,"vert
0       10728.952852
1       10911.560964
2       10804.091567
3       10840.943633
4       10737.604341
            ...     
3295     7471.042721
3296     7323.413757
3297     6715.061804
3298     5453.873549
3299     6705.414436
Length: 3300, dtype: float64",0.00025118864315095795,0.001
10,True,30.929913396359286,1.7268310462243899,0.9892469851869488,3.9046537453799495,5455.006478223624,"vert
0       11171.989144
1       11320.643170
2       11241.604891
3       11293.261133
4       11148.639761
            ...     
3295     7757.713638
3296     7600.711372
3297     6955.004216
3298     5674.781882
3299     6971.564449
Length: 3300, dtype: float64",0.00046415888336127773,0.001
11,True,31.00434966854576,1.7316300993069869,0.9957547535653675,3.919155824791705,5519.91104639288,"vert
0       11369.529095
1       11553.493017
2       11445.822609
3       11495.102227
4       11353.222807
            ...     
3295     7903.013219
3296     7759.889124
3297     7102.340341
3298     5786.609095
3299     7110.377580
Length: 3300, dtype: float64",0.0008576958985908936,0.001
12,True,31.031633226299626,1.7343255457526654,0.9995575267372578,3.927637173478273,5555.690132526997,"vert
0       11505.958650
1       11696.085844
2       11586.292531
3       11632.543297
4       11490.722996
            ...     
3295     7991.148565
3296     7841.748511
3297     7175.441037
3298     5864.034716
3299     7203.717113
Length: 3300, dtype: float64",0.001584893192461114,0.001
13,True,31.000935350968653,1.7347490507578023,1.0024435493884913,3.9335925585929536,5575.89012548581,"vert
0       11639.112526
1       11818.358189
2       11732.871998
3       11784.381997
4       11619.065764
            ...     
3295     8060.490536
3296     7888.479446
3297     7210.650896
3298     5919.373983
3299     7270.148543
Length: 3300, dtype: float64",0.0029286445646252374,0.001
14,True,31.07469441185747,1.7359250736635896,1.0026242980011504,3.934243606321258,5586.565268796534,"vert
0       11582.652386
1       11788.087863
2       11668.314410
3       11713.475786
4       11567.915340
            ...     
3295     8052.812769
3296     7924.867348
3297     7252.177040
3298     5915.473568
3299     7257.078623
Length: 3300, dtype: float64",0.0054116952654646375,0.001
15,True,31.117035296375192,1.7430628965794561,1.0028322601047506,3.9363713766627355,5592.057148461271,"vert
0       11496.754370
1       11796.392487
2       11606.624426
3       11644.052380
4       11544.554850
            ...     
3295     8029.692631
3296     7901.981196
3297     7255.984439
3298     5903.002125
3299     7249.913320
Length: 3300, dtype: float64",0.01,0.001
16,True,28.487178238790115,1.3654510433477076,0.7462396037471709,3.298690786150893,2827.727323672695,"vert
0       4673.716476
1       3166.154788
2       2781.747284
3       3173.373460
4       4597.732637
           ...     
3295    2888.572752
3296    2810.406341
3297    2556.714107
3298    1612.222531
3299    2091.037220
Length: 3300, dtype: float64",1e-06,0.001873817422860383
17,True,28.619948920448778,1.4065549513128042,0.75285257380045,3.3214050883112773,2990.4257320724187,"vert
0       5100.382402
1       3497.289080
2       3369.590411
3       3749.273721
4       4923.730256
           ...     
3295    3096.521111
3296    2817.628210
3297    2655.776478
3298    1773.601840
3299    2300.968021
Length: 3300, dtype: float64",1.8478497974222908e-06,0.001873817422860383
18,True,28.777663468321112,1.472107586009061,0.7599713109303602,3.3522074049296227,3210.1884672289834,"vert
0       5363.824467
1       4154.888865
2       4148.170487
3       4349.307207
4       5246.562016
           ...     
3295    3315.415534
3296    3305.662504
3297    2996.699580
3298    2075.474303
3299    2641.880361
Length: 3300, dtype: float64",3.4145488738336005e-06,0.001873817422860383
19,True,29.232390334454756,1.483509567671006,0.7763214342151217,3.3896372294589825,3379.756577230623,"vert
0       5352.693770
1       4323.509930
2       4574.198484
3       4666.807175
4       5338.559367
           ...     
3295    3293.019579
3296    3330.075311
3297    3145.165257
3298    2136.259724
3299    2653.735857
Length: 3300, dtype: float64",6.30957344480193e-06,0.001873817422860383
20,True,29.82336224472515,1.500708871495444,0.8093554359802744,3.4649931815990773,3666.5131150722677,"vert
0       5639.439197
1       4872.337085
2       5265.453672
3       5261.401041
4       5700.362251
           ...     
3295    3632.142826
3296    3543.397857
3297    3454.764280
3298    2372.773968
3299    2878.320537
Length: 3300, dtype: float64",1.165914401179831e-05,0.001873817422860383
21,True,29.63856533239568,1.6156598624929976,0.8396371933371403,3.5622096509037346,4092.5902643591226,"vert
0       6854.657607
1       6716.266799
2       6760.082541
3       6763.787708
4       6955.373185
           ...     
3295    4744.185579
3296    4587.044014
3297    4242.168258
3298    3339.772151
3299    4117.059874
Length: 3300, dtype: float64",2.154434690031882e-05,0.001873817422860383
22,True,30.12946170776273,1.6535019261624277,0.8841749833097207,3.6676859945823432,4504.162786680212,"vert
0       7939.894464
1       7932.810695
2       7922.965898
3       7946.078975
4       7986.240432
           ...     
3295    5584.728876
3296    5428.772194
3297    5017.176060
3298    3985.164614
3299    4886.566954
Length: 3300, dtype: float64",3.9810717055349695e-05,0.001873817422860383
23,True,30.361220638774455,1.6855396224800174,0.9275364485658061,3.7664563705968015,4878.082968200006,"vert
0       9293.520556
1       9254.072133
2       9295.401906
3       9347.465611
4       9256.154338
           ...     
3295    6435.170344
3296    6257.037624
3297    5731.850652
3298    4605.365138
3299    5693.482198
Length: 3300, dtype: float64",7.356422544596421e-05,0.001873817422860383
24,True,30.65401838285188,1.707228771263236,0.956769926279678,3.8328901806060385,5152.826193586652,"vert
0       10112.178385
1       10211.736845
2       10158.852840
3       10193.607867
4       10115.395126
            ...     
3295     7027.643837
3296     6869.018254
3297     6295.274662
3298     5095.936571
3299     6279.749955
Length: 3300, dtype: float64",0.00013593563908785255,0.001873817422860383
25,True,30.85717155401803,1.7223515715590239,0.9770708601567921,3.8782542360636674,5344.375815471309,"vert
0       10730.214205
1       10908.942679
2       10798.876456
3       10833.376068
4       10737.242041
            ...     
3295     7467.684330
3296     7320.961968
3297     6712.533062
3298     5446.158812
3299     6710.765264
Length: 3300, dtype: float64",0.00025118864315095795,0.001873817422860383
26,True,30.97013197459995,1.729297567937368,0.9884197884934016,3.9034489298429,5451.95625283083,"vert
0       11092.145163
1       11304.294730
2       11173.104025
3       11209.789460
4       11092.908733
            ...     
3295     7725.162339
3296     7582.754377
3297     6950.864754
3298     5649.303771
3299     6943.094276
Length: 3300, dtype: float64",0.00046415888336127773,0.001873817422860383
27,True,30.94937801723212,1.7312314987948625,0.9965060537681525,3.9207260679026508,5518.8598160977845,"vert
0       11433.883682
1       11609.193669
2       11528.438794
3       11573.530974
4       11422.370137
            ...     
3295     7922.577381
3296     7742.282856
3297     7080.521249
3298     5809.081301
3299     7138.806984
Length: 3300, dtype: float64",0.0008576958985908936,0.001873817422860383
28,True,31.023026545558825,1.7339795898738417,0.9996292165821336,3.9276409067001614,5555.313993622479,"vert
0       11515.029838
1       11700.103405
2       11604.501105
3       11645.609961
4       11494.165264
            ...     
3295     7990.399302
3296     7844.365819
3297     7175.204225
3298     5867.404311
3299     7209.334952
Length: 3300, dtype: float64",0.001584893192461114,0.001873817422860383
29,True,31.055017887691626,1.7352966315134422,1.0016013550664706,3.931947993681987,5575.3691525300665,"vert
0       11573.483714
1       11763.787907
2       11650.278288
3       11698.239640
4       11552.351013
            ...     
3295     8044.153008
3296     7897.995610
3297     7227.566674
3298     5903.767829
3299     7248.053341
Length: 3300, dtype: float64",0.0029286445646252374,0.001873817422860383
30,True,31.0448363698514,1.7344142840049255,1.0032897430803134,3.935155756390154,5586.608517956993,"vert
0       11660.368535
1       11794.641831
2       11720.682103
3       11780.889097
4       11604.773422
            ...     
3295     8077.736343
3296     7937.035629
3297     7249.493862
3298     5920.125491
3299     7268.482438
Length: 3300, dtype: float64",0.0054116952654646375,0.001873817422860383
31,True,31.069514530960333,1.737250282403583,1.0033747276165466,3.9361591170291295,5593.060417771805,"vert
0       11615.801432
1       11838.140755
2       11697.869599
3       11743.394056
4       11604.072595
            ...     
3295     8074.829911
3296     7932.825481
3297     7262.279045
3298     5937.082830
3299     7285.393299
Length: 3300, dtype: float64",0.01,0.001873817422860383
32,True,28.78404776746465,1.4724394061201962,0.7607588823075182,3.3542545882056514,3211.878215762297,"vert
0       5330.888593
1       4192.605460
2       4189.841252
3       4382.122436
4       5313.815104
           ...     
3295    3308.639271
3296    3255.111414
3297    2951.582910
3298    2074.350023
3299    2621.556986
Length: 3300, dtype: float64",1e-06,0.003511191734215131
33,True,28.695520266758216,1.381850287753568,0.7503609118850566,3.309976520745315,2911.6462689736236,"vert
0       4845.844617
1       3185.473638
2       3088.833328
3       3430.805071
4       4757.449014
           ...     
3295    2806.368184
3296    2675.927805
3297    2501.259508
3298    1607.009729
3299    2047.252600
Length: 3300, dtype: float64",1.8478497974222908e-06,0.003511191734215131
34,True,28.701904080765857,1.5035025822284749,0.7587613907848756,3.357844653592093,3265.404016722084,"vert
0       5304.466453
1       4440.725845
2       4522.122353
3       4571.259004
4       5245.697060
           ...     
3295    3298.631370
3296    3428.317730
3297    3080.395464
3298    2173.651546
3299    2744.714459
Length: 3300, dtype: float64",3.4145488738336005e-06,0.003511191734215131
35,True,30.39462926966539,1.411880186409578,0.783285767236367,3.386440944388404,3269.436575442247,"vert
0       4324.524732
1       3466.186766
2       3637.137844
3       3710.571189
4       4285.569744
           ...     
3295    2647.002138
3296    2820.249506
3297    2753.168801
3298    1715.255817
3299    2068.818443
Length: 3300, dtype: float64",6.30957344480193e-06,0.003511191734215131
36,True,29.37939436695588,1.5612588629945743,0.8001747516974009,3.462218946899845,3715.662619533627,"vert
0       6069.180512
1       5432.256622
2       5579.424695
3       5618.211699
4       6045.531666
           ...     
3295    4065.650798
3296    3872.029717
3297    3605.434929
3298    2740.168417
3299    3394.680963
Length: 3300, dtype: float64",1.165914401179831e-05,0.003511191734215131
37,True,29.773904628844463,1.6069661696205293,0.8367806009445262,3.5538967652748945,4078.2101530519994,"vert
0       6713.648949
1       6447.527049
2       6519.409258
3       6554.656172
4       6721.483256
           ...     
3295    4693.300875
3296    4541.680249
3297    4220.599787
3298    3284.234142
3299    4058.204849
Length: 3300, dtype: float64",2.154434690031882e-05,0.003511191734215131
38,True,30.121165812869805,1.654263214546026,0.8847169367661251,3.669030958581375,4507.025188025959,"vert
0       7968.304485
1       7969.155216
2       7961.808514
3       7980.027929
4       8032.899529
           ...     
3295    5587.727897
3296    5431.770547
3297    5017.084583
3298    3995.049400
3299    4898.492131
Length: 3300, dtype: float64",3.9810717055349695e-05,0.003511191734215131
39,True,30.365034678464866,1.6853306960060184,0.9272361297904996,3.7660565467876403,4878.457423377113,"vert
0       9266.886429
1       9270.342279
2       9280.313455
3       9317.298037
4       9255.622323
           ...     
3295    6423.658556
3296    6247.276868
3297    5727.811596
3298    4612.303290
3299    5690.233243
Length: 3300, dtype: float64",7.356422544596421e-05,0.003511191734215131
40,True,30.655726226055894,1.7062318702167947,0.9570282665486665,3.8332747174662045,5154.616237475806,"vert
0       10117.108698
1       10234.812869
2       10171.520344
3       10205.060653
4       10118.048354
            ...     
3295     7033.644247
3296     6874.234153
3297     6303.404011
3298     5103.447951
3299     6284.610406
Length: 3300, dtype: float64",0.00013593563908785255,0.003511191734215131
41,True,30.853324366068712,1.720495314495967,0.9773850354836638,3.8786791788310797,5346.2508093087445,"vert
0       10755.562551
1       10916.533458
2       10828.482559
3       10864.753859
4       10752.512806
            ...     
3295     7481.861711
3296     7334.169529
3297     6719.106492
3298     5452.819596
3299     6714.934904
Length: 3300, dtype: float64",0.00025118864315095795,0.003511191734215131
42,True,30.914078986610697,1.7263618772310347,0.9888651907637969,3.903796911071909,5451.199371435489,"vert
0       11175.581109
1       11312.412485
2       11241.385157
3       11294.915542
4       11145.640491
            ...     
3295     7753.697667
3296     7594.342641
3297     6946.352102
3298     5666.493126
3299     6965.415440
Length: 3300, dtype: float64",0.00046415888336127773,0.003511191734215131
43,True,31.036907565244896,1.734514959992171,0.9947030210833324,3.9177043939960314,5513.930170795551,"vert
0       11256.923926
1       11518.902888
2       11361.933267
3       11391.839493
4       11289.972313
            ...     
3295     7850.333117
3296     7719.932814
3297     7081.284201
3298     5762.707641
3299     7080.819289
Length: 3300, dtype: float64",0.0008576958985908936,0.003511191734215131
44,True,31.075092272575304,1.738095666823904,0.9988431326141087,3.927459569172068,5554.460892477109,"vert
0       11388.878583
1       11679.807814
2       11483.443930
3       11507.467491
4       11418.832032
            ...     
3295     7952.134577
3296     7815.097549
3297     7173.444727
3298     5858.938898
3299     7169.291948
Length: 3300, dtype: float64",0.001584893192461114,0.003511191734215131
45,True,31.05525588024595,1.7356144779629963,1.0016787894145862,3.932170845392309,5575.194308987684,"vert
0       11579.080265
1       11753.240406
2       11645.301220
3       11697.236361
4       11552.794637
            ...     
3295     8038.897848
3296     7895.560413
3297     7224.182883
3298     5907.383714
3299     7241.217689
Length: 3300, dtype: float64",0.0029286445646252374,0.003511191734215131
46,True,31.039051660770475,1.7356161166088742,1.0030841515204898,3.9351574698318297,5586.862186083231,"vert
0       11636.780062
1       11814.167229
2       11722.688610
3       11772.461618
4       11610.351689
            ...     
3295     8072.153308
3296     7912.874738
3297     7236.346833
3298     5923.042186
3299     7278.321328
Length: 3300, dtype: float64",0.0054116952654646375,0.003511191734215131
47,True,31.08728180588574,1.738248184676549,1.0031150189128837,3.935757943060372,5592.973903688427,"vert
0       11584.584476
1       11815.306858
2       11681.706695
3       11717.128075
4       11585.340610
            ...     
3295     8063.529716
3296     7929.127894
3297     7261.233547
3298     5925.992362
3299     7271.422592
Length: 3300, dtype: float64",0.01,0.003511191734215131
48,True,28.644058329398327,1.3477434731640885,0.7432845770814384,3.288300349191847,2753.254481708447,"vert
0       4645.411077
1       2834.924370
2       2782.702390
3       3155.800441
4       4510.765290
           ...     
3295    2629.533224
3296    2438.573054
3297    2278.379537
3298    1469.845040
3299    1912.669129
Length: 3300, dtype: float64",1e-06,0.006579332246575682
49,True,28.614823156483247,1.4203676675870582,0.7529748385797409,3.324485755972145,3033.026138047577,"vert
0       5138.063635
1       3586.293525
2       3479.654664
3       3815.816074
4       4922.635201
           ...     
3295    3050.936733
3296    2989.604530
3297    2754.557612
3298    1798.473339
3299    2341.538968
Length: 3300, dtype: float64",1.8478497974222908e-06,0.006579332246575682
50,True,28.92632726218897,1.4192146384807123,0.7587409163929341,3.336218990384746,3088.7063642134804,"vert
0       5067.953688
1       3597.490052
2       3668.837554
3       3908.023015
4       5057.607015
           ...     
3295    2957.612014
3296    2821.712163
3297    2655.971406
3298    1774.928190
3299    2263.657914
Length: 3300, dtype: float64",3.4145488738336005e-06,0.006579332246575682
51,True,28.78237076734507,1.5415086003345784,0.7716619495689505,3.3953767576881035,3438.933271882117,"vert
0       5550.714502
1       4890.335219
2       5069.580787
3       5110.095164
4       5445.357545
           ...     
3295    3579.127813
3296    3557.236855
3297    3250.526947
3298    2382.838391
3299    3025.126283
Length: 3300, dtype: float64",6.30957344480193e-06,0.006579332246575682
52,True,29.929549818094713,1.4900614920788688,0.8058033853892637,3.4542024916058334,3622.8606905064944,"vert
0       5457.191803
1       4682.474765
2       4994.045350
3       5020.421059
4       5495.778550
           ...     
3295    3479.186400
3296    3445.036764
3297    3315.404515
3298    2284.586128
3299    2789.667025
Length: 3300, dtype: float64",1.165914401179831e-05,0.006579332246575682
53,True,29.708594656774398,1.6274596765581824,0.8520989974929143,3.5925391566954996,4199.512025521519,"vert
0       7230.243572
1       7088.849967
2       7155.859413
3       7160.110657
4       7279.035365
           ...     
3295    4962.561358
3296    4798.557369
3297    4423.296626
3298    3487.993617
3299    4334.664421
Length: 3300, dtype: float64",2.154434690031882e-05,0.006579332246575682
54,True,30.15314135282452,1.6534185694137695,0.8852033846348403,3.669488631987613,4510.357390919979,"vert
0       7989.906825
1       7915.320105
2       7945.638643
3       7974.947244
4       7988.276445
           ...     
3295    5593.458263
3296    5451.511810
3297    5031.182629
3298    3997.636335
3299    4923.091466
Length: 3300, dtype: float64",3.9810717055349695e-05,0.006579332246575682
55,True,30.368570012725513,1.6846884553874961,0.9260555579325332,3.7636098318905034,4870.306800751228,"vert
0       9195.113628
1       9250.729741
2       9232.563207
3       9261.993084
4       9213.688615
           ...     
3295    6394.610511
3296    6219.243337
3297    5713.631731
3298    4607.226203
3299    5675.314035
Length: 3300, dtype: float64",7.356422544596421e-05,0.006579332246575682
56,True,30.65842579148132,1.7064807948581657,0.9571607378808723,3.8335892407083083,5155.947106209666,"vert
0       10121.673415
1       10229.432755
2       10171.081790
3       10205.827963
4       10122.454954
            ...     
3295     7036.432891
3296     6876.279870
3297     6304.935151
3298     5102.405404
3299     6286.013556
Length: 3300, dtype: float64",0.00013593563908785255,0.006579332246575682
57,True,30.851247332047404,1.720026551830995,0.9769304183495447,3.877743641273343,5342.120438111469,"vert
0       10734.671801
1       10903.631289
2       10809.948365
3       10847.857004
4       10734.058082
            ...     
3295     7468.715388
3296     7321.916798
3297     6709.148717
3298     5453.261863
3299     6699.865938
Length: 3300, dtype: float64",0.00025118864315095795,0.006579332246575682
58,True,30.91200712151199,1.7270243884873413,0.9893726456043472,3.9050603916090227,5455.08885447882,"vert
0       11196.131108
1       11346.556950
2       11275.537361
3       11322.963780
4       11177.747901
            ...     
3295     7760.231138
3296     7595.147553
3297     6948.459713
3298     5683.082141
3299     6985.880021
Length: 3300, dtype: float64",0.00046415888336127773,0.006579332246575682
59,True,30.992945258549312,1.7318129505818112,0.9960621039167772,3.9197655390085204,5520.867737704076,"vert
0       11392.740851
1       11568.751070
2       11474.345111
3       11519.950075
4       11369.837745
            ...     
3295     7912.426722
3296     7761.638236
3297     7100.484972
3298     5799.308597
3299     7122.927115
Length: 3300, dtype: float64",0.0008576958985908936,0.006579332246575682
60,True,31.06022506671214,1.7355299745148633,0.9993132281776174,3.927583921922778,5556.692876587424,"vert
0       11449.795172
1       11683.946537
2       11548.690814
3       11578.847185
4       11452.775072
            ...     
3295     7973.177837
3296     7840.995976
3297     7181.719523
3298     5847.733561
3299     7187.202037
Length: 3300, dtype: float64",0.001584893192461114,0.006579332246575682
61,False,31.030232841697675,1.7349858180545463,1.0019767257160375,3.93267667431126,5576.056392704841,"vert
0       11604.753236
1       11781.261857
2       11695.549235
3       11744.954176
4       11581.398324
            ...     
3295     8051.271160
3296     7896.790640
3297     7219.102548
3298     5907.629255
3299     7259.976581
Length: 3300, dtype: float64",0.0029286445646252374,0.006579332246575682
62,True,31.059944603651612,1.7358388642996727,1.002977008467046,3.9347501626933967,5586.8926808388605,"vert
0       11619.305211
1       11782.905951
2       11691.932548
3       11739.637868
4       11585.994248
            ...     
3295     8062.936199
3296     7932.458471
3297     7250.855344
3298     5912.492029
3299     7259.595482
Length: 3300, dtype: float64",0.0054116952654646375,0.006579332246575682
63,True,30.973877332408716,1.7363920796884404,1.004781190640308,3.9388282499905043,5592.7743532416225,"vert
0       11752.899777
1       11922.151990
2       11853.586734
3       11907.067530
4       11734.230400
            ...     
3295     8121.312648
3296     7919.876959
3297     7233.927198
3298     5955.599898
3299     7325.335696
Length: 3300, dtype: float64",0.01,0.006579332246575682
64,True,28.39131680488291,1.3986521579737496,0.7464044528866887,3.30677466640746,2905.0060965175876,"vert
0       4960.856343
1       3456.669109
2       3246.146427
3       3622.327835
4       4760.375564
           ...     
3295    3057.024092
3296    2899.689223
3297    2637.754093
3298    1709.286067
3299    2248.867623
Length: 3300, dtype: float64",1e-06,0.012328467394420659
65,True,28.83447336889924,1.3679065890312867,0.7522030165658952,3.311929147823803,2892.402307743061,"vert
0       4594.683396
1       3047.072130
2       2903.956473
3       3219.294970
4       4642.201738
           ...     
3295    2725.749052
3296    2775.057851
3297    2567.262420
3298    1575.286062
3299    2030.657599
Length: 3300, dtype: float64",1.8478497974222908e-06,0.012328467394420659
66,True,28.811955520853076,1.433992450264816,0.7609376525528391,3.3446375535399953,3129.364040094094,"vert
0       5383.707141
1       3760.783002
2       3793.934234
3       4146.132125
4       5220.085531
           ...     
3295    3216.199368
3296    2861.105285
3297    2709.247443
3298    1879.242713
3299    2407.678201
Length: 3300, dtype: float64",3.4145488738336005e-06,0.012328467394420659
67,True,29.893145329037125,1.4333037196611569,0.7809360968184117,3.3863445488321346,3298.1495831082448,"vert
0       4608.481216
1       3702.009713
2       3910.416440
3       3988.992397
4       4570.325908
           ...     
3295    2880.484840
3296    3031.430405
3297    2908.835379
3298    1847.377153
3299    2300.441219
Length: 3300, dtype: float64",6.30957344480193e-06,0.012328467394420659
68,True,29.961116431645685,1.4927339964187767,0.8080890831592616,3.4598791530096205,3640.3168526574054,"vert
0       5436.916137
1       4716.599905
2       5008.486981
3       5042.976980
4       5458.417302
           ...     
3295    3542.528114
3296    3478.402076
3297    3348.624250
3298    2305.894866
3299    2825.792982
Length: 3300, dtype: float64",1.165914401179831e-05,0.012328467394420659
69,True,29.688415308109516,1.6095485518593438,0.8357737347341487,3.552711622741545,4066.9049585974044,"vert
0       6718.119136
1       6543.842746
2       6612.782487
3       6611.285581
4       6775.469633
           ...     
3295    4699.770592
3296    4544.812337
3297    4206.523342
3298    3284.077187
3299    4038.025491
Length: 3300, dtype: float64",2.154434690031882e-05,0.012328467394420659
70,True,30.167434781612894,1.6540589266144616,0.8862471261632281,3.671817437624836,4519.932609360009,"vert
0       8025.594549
1       7946.100355
2       7976.316299
3       8010.800208
4       8018.439640
           ...     
3295    5621.404122
3296    5469.018149
3297    5047.355536
3298    4013.754803
3299    4937.348595
Length: 3300, dtype: float64",3.9810717055349695e-05,0.012328467394420659
71,True,30.369991441893763,1.6849224808824232,0.9264798599045659,3.764522282063292,4873.501825761611,"vert
0       9217.210161
1       9259.719608
2       9249.560789
3       9281.116810
4       9227.613038
           ...     
3295    6401.753269
3296    6229.906344
3297    5720.705930
3298    4606.597201
3299    5682.667628
Length: 3300, dtype: float64",7.356422544596421e-05,0.012328467394420659
72,True,30.5089933978072,1.6972170632892931,0.9452992439219964,3.806709189244122,5036.549339726961,"vert
0       9763.273872
1       9894.288314
2       9830.363314
3       9840.906249
4       9797.911964
           ...     
3295    6723.548557
3296    6573.696794
3297    6033.977360
3298    4876.694053
3299    6010.158577
Length: 3300, dtype: float64",0.00013593563908785255,0.012328467394420659
73,True,30.831640707550292,1.7198774065243396,0.9771089176642459,3.878047443794332,5341.560099117897,"vert
0       10781.015805
1       10911.483354
2       10840.388651
3       10886.284912
4       10764.918374
            ...     
3295     7484.983255
3296     7324.704817
3297     6706.565878
3298     5463.303282
3299     6714.501721
Length: 3300, dtype: float64",0.00025118864315095795,0.012328467394420659
74,True,30.94876716439254,1.7276718478554849,0.9888290569453014,3.904051226686679,5454.025733893787,"vert
0       11138.354554
1       11312.905783
2       11211.547136
3       11256.009391
4       11127.539443
            ...     
3295     7742.870926
3296     7593.497596
3297     6953.351100
3298     5667.565050
3299     6957.964477
Length: 3300, dtype: float64",0.00046415888336127773,0.012328467394420659
75,True,31.009546148386054,1.7319171797764144,0.995543781518469,3.918865810446794,5518.546556602243,"vert
0       11351.458472
1       11551.481354
2       11432.598865
3       11477.442928
4       11342.153129
            ...     
3295     7892.912713
3296     7751.277884
3297     7097.085838
3298     5787.927842
3299     7105.496516
Length: 3300, dtype: float64",0.0008576958985908936,0.012328467394420659
76,True,31.062707434650278,1.7373905111466197,0.9991305982387485,3.9276847614695733,5554.437501142995,"vert
0       11438.390823
1       11684.160931
2       11531.652376
3       11559.987816
4       11447.900865
            ...     
3295     7973.147166
3296     7837.228825
3297     7182.574490
3298     5851.365007
3299     7190.914076
Length: 3300, dtype: float64",0.001584893192461114,0.012328467394420659
77,True,31.044597736189058,1.735043396261081,1.0018112424165075,3.93232864406265,5575.4269397990165,"vert
0       11583.198169
1       11765.734526
2       11663.653499
3       11715.040696
4       11559.321064
            ...     
3295     8037.788076
3296     7895.003595
3297     7221.883448
3298     5901.171165
3299     7248.760410
Length: 3300, dtype: float64",0.0029286445646252374,0.012328467394420659
78,True,31.00902823202336,1.7354751448577312,1.0038327170909185,3.936745734980058,5586.999938142088,"vert
0       11657.588242
1       11873.416150
2       11771.840406
3       11817.729101
4       11651.430191
            ...     
3295     8081.544392
3296     7892.143331
3297     7220.779971
3298     5926.279237
3299     7297.764182
Length: 3300, dtype: float64",0.0054116952654646375,0.012328467394420659
79,True,31.102341168839782,1.7412363242272393,1.002981209386782,3.9365207493533587,5592.496994491002,"vert
0       11544.315078
1       11834.523175
2       11631.928858
3       11658.135985
4       11564.351581
            ...     
3295     8052.236563
3296     7922.347741
3297     7265.601057
3298     5947.814822
3299     7265.648118
Length: 3300, dtype: float64",0.01,0.012328467394420659
80,True,28.491102369907253,1.392514879756584,0.7490219256332291,3.3105166152139067,2915.064974994407,"vert
0       4995.938083
1       3385.804301
2       3198.787554
3       3624.387161
4       4838.979375
           ...     
3295    3077.015099
3296    2694.420443
3297    2554.526082
3298    1701.771502
3299    2223.611305
Length: 3300, dtype: float64",1e-06,0.02310129700083159
81,True,28.649552733165127,1.4155682690858749,0.7518732067922994,3.321009884263159,3016.8882563782495,"vert
0       5076.819092
1       3590.634527
2       3411.596744
3       3740.413463
4       4942.206463
           ...     
3295    3024.576555
3296    2947.026296
3297    2692.144827
3298    1783.616901
3299    2281.022531
Length: 3300, dtype: float64",1.8478497974222908e-06,0.02310129700083159
82,True,28.896167025401,1.4455157158174174,0.7629893740475294,3.351670746490151,3177.9085109895045,"vert
0       5459.356633
1       3875.909758
2       4023.780302
3       4303.236570
4       5334.036089
           ...     
3295    3236.302931
3296    2847.590283
3297    2699.155476
3298    1919.351774
3299    2450.098113
Length: 3300, dtype: float64",3.4145488738336005e-06,0.02310129700083159
83,True,29.327312677477078,1.4531297108188317,0.7757469246451054,3.3807869790396725,3307.9588986955546,"vert
0       5206.493608
1       4015.072936
2       4289.938908
3       4379.361648
4       5309.762957
           ...     
3295    3124.247257
3296    3121.025092
3297    2988.751218
3298    1970.812102
3299    2449.011757
Length: 3300, dtype: float64",6.30957344480193e-06,0.02310129700083159
84,True,29.635487988171683,1.534103564103255,0.8011675412315337,3.4564712731766356,3686.9690762588916,"vert
0       6040.347111
1       5073.102974
2       5322.483435
3       5454.674857
4       6007.998162
           ...     
3295    3803.881680
3296    3667.508876
3297    3466.988077
3298    2565.465418
3299    3144.819488
Length: 3300, dtype: float64",1.165914401179831e-05,0.02310129700083159
85,True,29.767974828777643,1.6089567461035792,0.8371136464357809,3.5551600034382655,4082.730662006993,"vert
0       6669.731754
1       6484.603525
2       6527.172200
3       6549.843801
4       6701.594218
           ...     
3295    4684.774775
3296    4555.704259
3297    4236.560900
3298    3304.120213
3299    4065.413917
Length: 3300, dtype: float64",2.154434690031882e-05,0.02310129700083159
86,True,30.03630535990474,1.6605091298779493,0.8906985173683095,3.6821700032863616,4538.281858542017,"vert
0       8312.565631
1       8149.546207
2       8239.229750
3       8280.786559
4       8249.174435
           ...     
3295    5702.015641
3296    5525.019530
3297    5056.102960
3298    4034.848791
3299    5022.027758
Length: 3300, dtype: float64",3.9810717055349695e-05,0.02310129700083159
87,True,30.370683120300853,1.684052916554981,0.9253621251415979,3.7620484376780814,4865.102687340801,"vert
0       9166.893684
1       9232.915179
2       9211.611148
3       9231.938128
4       9192.755984
           ...     
3295    6377.868521
3296    6203.687952
3297    5701.659329
3298    4601.867949
3299    5667.390860
Length: 3300, dtype: float64",7.356422544596421e-05,0.02310129700083159
88,True,30.654592329252072,1.7076866922554927,0.9568166977507355,3.833033668593469,5153.022379881856,"vert
0       10113.429885
1       10196.001765
2       10164.688514
3       10199.161027
4       10122.673433
            ...     
3295     7028.373852
3296     6870.622948
3297     6298.372563
3298     5096.558311
3299     6275.178877
Length: 3300, dtype: float64",0.00013593563908785255,0.02310129700083159
89,True,30.852795366117,1.7201673372408954,0.9772773838383804,3.8784467178875346,5345.188272439857,"vert
0       10753.666757
1       10913.013372
2       10824.781309
3       10863.510424
4       10751.511554
            ...     
3295     7481.080041
3296     7331.342620
3297     6717.625668
3298     5462.646361
3299     6710.355759
Length: 3300, dtype: float64",0.00025118864315095795,0.02310129700083159
90,True,30.95075959391474,1.7406821719516588,0.9862367928137701,3.9052226037084345,5428.2442418554365,"vert
0       10911.808526
1       11138.543325
2       11051.781091
3       11051.106065
4       11000.754263
            ...     
3295     7586.763725
3296     7497.080191
3297     6872.855343
3298     5537.808064
3299     6887.184772
Length: 3300, dtype: float64",0.00046415888336127773,0.02310129700083159
91,True,30.9646706924569,1.7313505530943938,0.9961223635438973,3.9199919043348257,5519.157895686401,"vert
0       11413.975911
1       11600.675750
2       11510.635683
3       11552.685462
4       11405.821503
            ...     
3295     7913.672328
3296     7746.206562
3297     7085.533070
3298     5796.162144
3299     7131.036152
Length: 3300, dtype: float64",0.0008576958985908936,0.02310129700083159
92,True,31.04067427450667,1.7343054452496338,0.9993328883844913,3.927237475666221,5554.677163413375,"vert
0       11480.245312
1       11686.334104
2       11563.000657
3       11604.327568
4       11471.699381
            ...     
3295     7979.106546
3296     7836.367989
3297     7174.783142
3298     5855.271407
3299     7192.173513
Length: 3300, dtype: float64",0.001584893192461114,0.02310129700083159
93,True,31.087391572666924,1.736929746391975,1.0014437397912876,3.932104079865371,5576.83163410326,"vert
0       11513.846268
1       11749.841269
2       11606.929731
3       11643.549973
4       11529.222184
            ...     
3295     8022.008759
3296     7896.609328
3297     7234.966351
3298     5895.064919
3299     7238.483486
Length: 3300, dtype: float64",0.0029286445646252374,0.02310129700083159
94,True,31.10074982157543,1.736533489969301,1.0024266841516458,3.934017865808655,5587.025634535629,"vert
0       11546.968638
1       11792.513231
2       11634.931168
3       11679.902151
4       11548.410568
            ...     
3295     8046.746770
3296     7913.789789
3297     7251.346089
3298     5914.371916
3299     7253.914944
Length: 3300, dtype: float64",0.0054116952654646375,0.02310129700083159
95,True,31.072009148417948,1.7375845421210148,1.003389268193246,3.936044978481091,5593.0482753861625,"vert
0       11619.285008
1       11830.490545
2       11706.838129
3       11751.898355
4       11605.733638
            ...     
3295     8072.811325
3296     7936.124987
3297     7261.482439
3298     5925.149292
3299     7285.813464
Length: 3300, dtype: float64",0.01,0.02310129700083159
96,True,28.70257873089555,1.3409188826492955,0.7452090730499593,3.291052052836197,2746.04525347009,"vert
0       4232.203956
1       2647.669432
2       2480.755506
3       2751.290554
4       4216.812339
           ...     
3295    2661.808813
3296    2916.056181
3297    2699.969087
3298    1529.937847
3299    1978.126228
Length: 3300, dtype: float64",1e-06,0.043287612810830566
97,True,28.712626561092225,1.3872136645458129,0.7508834663408602,3.312673348064999,2935.712010580424,"vert
0       4599.262571
1       3226.634663
2       2937.422794
3       3246.328743
4       4590.140100
           ...     
3295    2758.578234
3296    3044.103821
3297    2784.750748
3298    1656.773335
3299    2119.428230
Length: 3300, dtype: float64",1.8478497974222908e-06,0.043287612810830566
98,True,29.57954346564153,1.3980755525965394,0.7627612778405553,3.3395764558102154,3073.8409794120307,"vert
0       4407.004219
1       3188.482335
2       3282.240981
3       3453.705186
4       4370.851089
           ...     
3295    2718.565589
3296    2894.051363
3297    2743.317319
3298    1664.777750
3299    2082.875270
Length: 3300, dtype: float64",3.4145488738336005e-06,0.043287612810830566
99,True,28.750057965063654,1.5546544205913955,0.7740410104688077,3.403723114205375,3469.005163302345,"vert
0       5759.702934
1       5013.146146
2       5199.025276
3       5240.127672
4       5542.800165
           ...     
3295    3617.382686
3296    3552.015734
3297    3254.968310
3298    2412.954683
3299    3080.194388
Length: 3300, dtype: float64",6.30957344480193e-06,0.043287612810830566
100,True,29.448340835221863,1.556518286531454,0.8005883604378411,3.46175602432841,3718.5761882179145,"vert
0       6108.321227
1       5340.071810
2       5484.823403
3       5590.513608
4       6029.881861
           ...     
3295    4035.304747
3296    3813.787842
3297    3560.429540
3298    2702.570279
3299    3386.977063
Length: 3300, dtype: float64",1.165914401179831e-05,0.043287612810830566
101,True,29.684479607082206,1.61604870082132,0.8409234765534024,3.565668722345688,4108.274207591444,"vert
0       6840.322799
1       6766.791424
2       6792.893522
3       6784.846610
4       6979.630963
           ...     
3295    4778.597048
3296    4606.018306
3297    4263.668372
3298    3366.939670
3299    4147.219647
Length: 3300, dtype: float64",2.154434690031882e-05,0.043287612810830566
102,True,30.08192268699689,1.657102846533885,0.8878276198433076,3.675891267226446,4523.568515915804,"vert
0       8093.836409
1       8107.981905
2       8111.764064
3       8115.178334
4       8160.773916
           ...     
3295    5638.209914
3296    5451.896612
3297    5026.588375
3298    4023.897927
3299    4963.055546
Length: 3300, dtype: float64",3.9810717055349695e-05,0.043287612810830566
103,True,30.377418718297157,1.6847063900406423,0.9264469546281021,3.764455524627437,4874.151585926421,"vert
0       9192.160495
1       9271.424873
2       9238.416987
3       9263.237428
4       9221.779672
           ...     
3295    6398.725300
3296    6228.568814
3297    5719.767084
3298    4616.080572
3299    5683.808437
Length: 3300, dtype: float64",7.356422544596421e-05,0.043287612810830566
104,True,30.65097367855116,1.7082859924796092,0.9564542020134386,3.8321631058627736,5149.238089757311,"vert
0       10099.609707
1       10198.106172
2       10142.214884
3       10189.864374
4       10107.418176
            ...     
3295     7017.131853
3296     6859.002776
3297     6284.817908
3298     5086.309258
3299     6268.764120
Length: 3300, dtype: float64",0.00013593563908785255,0.043287612810830566
105,True,30.835661721342134,1.7193110682584036,0.97636603900014,3.876390748839148,5335.396034295324,"vert
0       10733.570984
1       10878.967502
2       10802.866537
3       10840.882004
4       10730.667963
            ...     
3295     7458.652142
3296     7307.626503
3297     6694.488629
3298     5444.024224
3299     6691.489517
Length: 3300, dtype: float64",0.00025118864315095795,0.043287612810830566
106,True,30.977296172916517,1.7309872345982669,0.9885598855772604,3.9038851047371654,5454.396459167209,"vert
0       11079.079318
1       11311.607831
2       11168.500167
3       11207.626433
4       11089.317073
            ...     
3295     7723.305396
3296     7580.776654
3297     6953.899477
3298     5665.874518
3299     6950.811932
Length: 3300, dtype: float64",0.00046415888336127773,0.043287612810830566
107,True,30.99967404665859,1.7312250020339763,0.9957757553648384,3.9190146224005677,5519.059184275514,"vert
0       11380.734311
1       11546.728861
2       11456.920266
3       11502.707574
4       11355.152255
            ...     
3295     7904.686447
3296     7764.728661
3297     7102.564692
3298     5787.134617
3299     7107.103504
Length: 3300, dtype: float64",0.0008576958985908936,0.043287612810830566
108,True,31.010179353347,1.7336150721232697,0.9998416771890201,3.9281303012157727,5556.124408368173,"vert
0       11529.353654
1       11711.773162
2       11624.171778
3       11667.831765
4       11504.277107
            ...     
3295     8001.974915
3296     7839.185635
3297     7169.537005
3298     5875.893802
3299     7213.705116
Length: 3300, dtype: float64",0.001584893192461114,0.043287612810830566
109,True,31.055458927375472,1.735140704457614,1.0015576808422402,3.9319134351566674,5574.949749604836,"vert
0       11569.001045
1       11761.768759
2       11647.106730
3       11696.159653
4       11548.037717
            ...     
3295     8052.877975
3296     7896.833145
3297     7226.064462
3298     5899.375428
3299     7241.423016
Length: 3300, dtype: float64",0.0029286445646252374,0.043287612810830566
110,True,31.00108597475686,1.7349745883400853,1.0037679900083318,3.9363613283038466,5586.820870021676,"vert
0       11693.463880
1       11850.879925
2       11779.931488
3       11836.701097
4       11653.987851
            ...     
3295     8092.896106
3296     7913.635302
3297     7229.938389
3298     5935.514064
3299     7298.389209
Length: 3300, dtype: float64",0.0054116952654646375,0.043287612810830566
111,True,31.119931076105082,1.7417959139532289,1.0025452834090796,3.9356723582779733,5593.208823360379,"vert
0       11481.870599
1       11816.389508
2       11617.223762
3       11622.887356
4       11544.337632
            ...     
3295     8024.637984
3296     7892.617032
3297     7247.440646
3298     5908.314228
3299     7254.031556
Length: 3300, dtype: float64",0.01,0.043287612810830566
112,True,28.613380997547285,1.3421583325796833,0.7458061988931279,3.292654027447357,2755.5864060239855,"vert
0       4236.246817
1       2779.657060
2       2394.808875
3       2695.501235
4       4278.946381
           ...     
3295    2662.651367
3296    2859.101959
3297    2643.125608
3298    1498.185845
3299    1928.094486
Length: 3300, dtype: float64",1e-06,0.08111308307896868
113,True,28.55206777547764,1.4502682359883714,0.7506537000846982,3.327387736482391,3080.691751770954,"vert
0       5148.085849
1       3900.744139
2       3829.442132
3       4035.230930
4       4962.251601
           ...     
3295    3098.571444
3296    3258.358046
3297    2899.130436
3298    1942.798407
3299    2478.235958
Length: 3300, dtype: float64",1.8478497974222908e-06,0.08111308307896868
114,True,28.86740592720723,1.4339616599714506,0.7600312378024605,3.342422121641073,3129.4456196806746,"vert
0       5375.254842
1       3713.083948
2       3811.564294
3       4156.380363
4       5188.662367
           ...     
3295    3118.235939
3296    2823.058929
3297    2663.577479
3298    1859.266118
3299    2381.016620
Length: 3300, dtype: float64",3.4145488738336005e-06,0.08111308307896868
115,True,29.039154325197185,1.5063710238508496,0.7747530650360055,3.3924210765883567,3406.1496706461485,"vert
0       5708.323635
1       4581.929326
2       4697.080644
3       4853.003443
4       5592.161155
           ...     
3295    3595.766782
3296    3383.013959
3297    3149.292826
3298    2278.416526
3299    2874.667372
Length: 3300, dtype: float64",6.30957344480193e-06,0.08111308307896868
116,True,29.396488709892097,1.5592819871934338,0.7999326210359035,3.461085229580641,3716.4873778295228,"vert
0       6064.684724
1       5385.323328
2       5520.180834
3       5587.037895
4       6011.710391
           ...     
3295    4056.352570
3296    3848.766502
3297    3586.023108
3298    2718.743329
3299    3387.960419
Length: 3300, dtype: float64",1.165914401179831e-05,0.08111308307896868
117,True,29.721079720806255,1.614630774849907,0.8414857865232328,3.5660393992986625,4113.973027281626,"vert
0       6866.436493
1       6716.368093
2       6767.836078
3       6782.374807
4       6938.767710
           ...     
3295    4788.452808
3296    4630.763574
3297    4283.966990
3298    3365.240390
3299    4135.582961
Length: 3300, dtype: float64",2.154434690031882e-05,0.08111308307896868
118,True,30.054853505956267,1.6567301805291914,0.8858566570865585,3.671518331664889,4504.704241789907,"vert
0       8051.300934
1       8050.578648
2       8065.438026
3       8081.637478
4       8109.780252
           ...     
3295    5592.400428
3296    5411.318764
3297    4986.954848
3298    3985.754647
3299    4926.147399
Length: 3300, dtype: float64",3.9810717055349695e-05,0.08111308307896868
119,True,30.374182343559813,1.6845468037009326,0.9261455781963446,3.76376928954235,4871.65575751949,"vert
0       9188.981459
1       9256.379603
2       9230.422546
3       9255.040651
4       9217.519515
           ...     
3295    6392.113682
3296    6221.109136
3297    5716.563688
3298    4612.120570
3299    5679.166461
Length: 3300, dtype: float64",7.356422544596421e-05,0.08111308307896868
120,True,30.61613907674436,1.7054328467598419,0.9538266964433318,3.826228874177991,5122.623708323469,"vert
0       10024.799780
1       10090.737110
2       10054.231055
3       10092.243352
4       10057.778474
            ...     
3295     6954.644854
3296     6792.819991
3297     6227.211959
3298     5044.068599
3299     6197.981762
Length: 3300, dtype: float64",0.00013593563908785255,0.08111308307896868
121,True,30.849609453043247,1.7194474770022976,0.9767236171724915,3.8771894107410914,5340.09169020483,"vert
0       10731.754990
1       10901.617942
2       10800.270998
3       10840.694973
4       10722.916651
            ...     
3295     7465.670858
3296     7317.686381
3297     6706.758458
3298     5441.169979
3299     6687.054731
Length: 3300, dtype: float64",0.00025118864315095795,0.08111308307896868
122,True,30.94894555196559,1.728437317013814,0.9889964963621232,3.904315268064739,5454.791053970862,"vert
0       11158.136223
1       11320.981311
2       11223.231912
3       11268.429251
4       11139.721609
            ...     
3295     7748.780553
3296     7600.009914
3297     6957.555876
3298     5667.573884
3299     6969.142110
Length: 3300, dtype: float64",0.00046415888336127773,0.08111308307896868
123,True,30.992808953225158,1.7313589360339057,0.995915281518062,3.9194040948209397,5519.591213621377,"vert
0       11388.714490
1       11563.365552
2       11468.252830
3       11513.574750
4       11366.458049
            ...     
3295     7909.342086
3296     7759.079995
3297     7099.121713
3298     5796.271388
3299     7120.330246
Length: 3300, dtype: float64",0.0008576958985908936,0.08111308307896868
124,True,30.984134687710117,1.7339991108788821,1.00036356600999,3.929325838046279,5555.434207048628,"vert
0       11550.686303
1       11748.660298
2       11659.250537
3       11687.796651
4       11548.750167
            ...     
3295     8008.841669
3296     7828.597341
3297     7160.135430
3298     5870.386511
3299     7222.596861
Length: 3300, dtype: float64",0.001584893192461114,0.08111308307896868
125,True,31.113006234540215,1.740956063608039,1.0007639794370162,3.931590051090177,5576.291572655396,"vert
0       11430.451676
1       11749.152448
2       11551.543386
3       11554.926826
4       11490.162660
            ...     
3295     7984.248745
3296     7852.058221
3297     7210.290765
3298     5870.245211
3299     7203.859242
Length: 3300, dtype: float64",0.0029286445646252374,0.08111308307896868
126,True,31.008335375879714,1.734425276525681,1.0037832029550646,3.93630420815405,5586.942421252391,"vert
0       11697.330728
1       11841.793370
2       11774.598389
3       11833.053286
4       11643.100662
            ...     
3295     8097.598507
3296     7920.591738
3297     7234.521229
3298     5932.747159
3299     7296.723098
Length: 3300, dtype: float64",0.0054116952654646375,0.08111308307896868
127,True,31.01410100099318,1.7358199032031765,1.0042809591664636,3.93771949501187,5592.935944804175,"vert
0       11697.982632
1       11887.197587
2       11795.352600
3       11856.700848
4       11679.962929
            ...     
3295     8102.133545
3296     7923.326132
3297     7242.690554
3298     5940.120502
3299     7307.498021
Length: 3300, dtype: float64",0.01,0.08111308307896868
128,True,28.381412314257094,1.4087288164011975,0.7449413378261512,3.3067301133390066,2919.1497990589387,"vert
0       5000.659173
1       3532.658518
2       3356.492890
3       3652.659406
4       4739.524965
           ...     
3295    2972.095972
3296    3121.073220
3297    2760.545351
3298    1749.685089
3299    2278.831983
Length: 3300, dtype: float64",1e-06,0.1519911082952933
129,True,28.743078148567555,1.3637340831790967,0.7477835771324175,3.300772829906438,2848.157468117367,"vert
0       4643.677914
1       3000.002259
2       2898.009500
3       3246.277731
4       4612.794188
           ...     
3295    2641.852108
3296    2620.788222
3297    2397.722004
3298    1544.078657
3299    1971.641158
Length: 3300, dtype: float64",1.8478497974222908e-06,0.1519911082952933
130,True,29.192828446007354,1.409368511006582,0.7601384133018939,3.336523569428398,3069.4905351146544,"vert
0       4473.589287
1       3275.861453
2       3418.327112
3       3532.637319
4       4493.473383
           ...     
3295    2868.480201
3296    3154.616353
3297    2966.026941
3298    1699.141210
3299    2190.935137
Length: 3300, dtype: float64",3.4145488738336005e-06,0.1519911082952933
131,True,29.300508779602268,1.4537916685794778,0.7776067130869603,3.38461381067784,3318.603562454009,"vert
0       5207.354531
1       4037.880322
2       4333.482933
3       4395.721879
4       5311.858282
           ...     
3295    3154.812543
3296    3080.865346
3297    2950.355182
3298    1966.155069
3299    2449.362041
Length: 3300, dtype: float64",6.30957344480193e-06,0.1519911082952933
132,True,29.548221949164756,1.543826701612941,0.8026786245803631,3.4624304290053955,3708.779206836188,"vert
0       6182.492251
1       5211.869407
2       5459.568906
3       5607.278066
4       6130.631553
           ...     
3295    3874.991931
3296    3738.056326
3297    3522.898689
3298    2622.941268
3299    3226.513630
Length: 3300, dtype: float64",1.165914401179831e-05,0.1519911082952933
133,True,29.715771769859757,1.607951528507235,0.8356675787891314,3.5519053569096855,4066.3243474451415,"vert
0       6702.641132
1       6475.512908
2       6547.051893
3       6548.963425
4       6731.982107
           ...     
3295    4695.528054
3296    4538.483424
3297    4211.480775
3298    3270.177786
3299    4027.436691
Length: 3300, dtype: float64",2.154434690031882e-05,0.1519911082952933
134,True,30.18969602942886,1.6514687632695868,0.8836244864917356,3.6657158869347812,4502.036067105772,"vert
0       7889.157836
1       7836.348032
2       7849.831259
3       7879.910807
4       7899.295017
           ...     
3295    5564.065781
3296    5419.228318
3297    5017.247366
3298    3984.618031
3299    4889.160411
Length: 3300, dtype: float64",3.9810717055349695e-05,0.1519911082952933
135,True,30.369866061414932,1.6844536162564048,0.9264073539719393,3.7643208251982405,4873.1857678008155,"vert
0       9200.142728
1       9265.144259
2       9251.734429
3       9274.274190
4       9221.962564
           ...     
3295    6400.115058
3296    6223.695587
3297    5717.995127
3298    4609.928667
3299    5683.579999
Length: 3300, dtype: float64",7.356422544596421e-05,0.1519911082952933
136,True,30.648335233514075,1.7073245247407776,0.9562315431907752,3.8317112144269294,5146.868659117849,"vert
0       10099.494733
1       10166.107035
2       10141.815600
3       10176.946906
4       10106.200905
            ...     
3295     7010.219204
3296     6855.267399
3297     6286.205056
3298     5077.024929
3299     6264.124789
Length: 3300, dtype: float64",0.00013593563908785255,0.1519911082952933
137,True,30.853554139393186,1.7208182728703316,0.9765444528140984,3.8769088146101587,5339.204257063097,"vert
0       10710.402450
1       10894.186788
2       10781.597296
3       10819.345332
4       10715.182916
            ...     
3295     7457.968371
3296     7306.110114
3297     6699.889762
3298     5443.207380
3299     6690.572627
Length: 3300, dtype: float64",0.00025118864315095795,0.1519911082952933
138,True,30.944663281982052,1.727209468735646,0.98898395909894,3.904279883399673,5454.641843797304,"vert
0       11149.111149
1       11316.745325
2       11221.028991
3       11269.473969
4       11132.521702
            ...     
3295     7749.578769
3296     7599.915196
3297     6957.629314
3298     5669.036258
3299     6963.363471
Length: 3300, dtype: float64",0.00046415888336127773,0.1519911082952933
139,True,30.99403706412525,1.7314943406723473,0.9958408278316181,3.919309427854305,5519.418656793327,"vert
0       11384.574706
1       11563.493812
2       11468.243461
3       11515.756164
4       11365.570229
            ...     
3295     7905.630622
3296     7756.004195
3297     7096.981887
3298     5796.737103
3299     7120.737379
Length: 3300, dtype: float64",0.0008576958985908936,0.1519911082952933
140,True,30.95082646138433,1.7346114055479693,1.0007089088540482,3.9301837028030917,5555.493463215347,"vert
0       11595.000805
1       11795.300301
2       11706.189149
3       11741.300974
4       11597.511491
            ...     
3295     8021.789104
3296     7827.467887
3297     7153.156349
3298     5882.781782
3299     7230.180206
Length: 3300, dtype: float64",0.001584893192461114,0.1519911082952933
141,True,31.0959743553816,1.7401793491569195,1.0010670939826884,3.933047099022548,5572.938580408306,"vert
0       11469.111246
1       11737.902397
2       11568.067941
3       11596.015438
4       11500.536181
            ...     
3295     8003.134333
3296     7878.902528
3297     7227.282710
3298     5874.916294
3299     7220.833435
Length: 3300, dtype: float64",0.0029286445646252374,0.1519911082952933
142,True,31.006712794354975,1.7347285829242864,1.0038805720462554,3.9364338234923113,5586.831319839656,"vert
0       11709.135448
1       11829.578055
2       11787.883434
3       11844.207826
4       11649.351167
            ...     
3295     8097.353706
3296     7927.741501
3297     7235.598814
3298     5939.637889
3299     7300.762099
Length: 3300, dtype: float64",0.0054116952654646375,0.1519911082952933
143,True,31.011415376238997,1.7360251174624828,1.0043388481973048,3.9378383417210037,5592.907677762303,"vert
0       11700.872217
1       11890.957916
2       11804.116564
3       11845.630083
4       11686.900462
            ...     
3295     8102.053501
3296     7924.296655
3297     7242.317388
3298     5944.658832
3299     7308.695739
Length: 3300, dtype: float64",0.01,0.1519911082952933
144,True,28.535100187213878,1.3516134259750594,0.7443994651829298,3.291892762743043,2775.9657225594788,"vert
0       4396.677170
1       2923.818593
2       2565.282955
3       2903.033552
4       4347.696653
           ...     
3295    2634.867911
3296    2968.865917
3297    2722.869949
3298    1559.321991
3299    2014.374825
Length: 3300, dtype: float64",1e-06,0.28480358684357987
145,True,28.70597562210836,1.4064068509192797,0.7551965037202265,3.3258440530957234,3016.057014990532,"vert
0       5105.477714
1       3534.779252
2       3534.661950
3       3877.546625
4       4996.387503
           ...     
3295    3031.645073
3296    2824.978304
3297    2609.856238
3298    1744.743993
3299    2272.096334
Length: 3300, dtype: float64",1.8478497974222908e-06,0.28480358684357987
146,True,28.914050658259427,1.4720082751274126,0.7668264535492039,3.366646548563115,3266.140211945631,"vert
0       5548.440785
1       4173.670745
2       4297.426232
3       4562.905815
4       5472.991194
           ...     
3295    3391.773980
3296    3038.849688
3297    2868.755130
3298    2052.350097
3299    2621.751984
Length: 3300, dtype: float64",3.4145488738336005e-06,0.28480358684357987
147,True,29.809515213075322,1.4351155489865128,0.7805159055121599,3.3858373817947447,3307.851365382862,"vert
0       4799.404953
1       3800.449549
2       4028.551907
3       4119.164702
4       4789.843586
           ...     
3295    2918.320386
3296    2922.890337
3297    2808.416916
3298    1834.476524
3299    2258.418843
Length: 3300, dtype: float64",6.30957344480193e-06,0.28480358684357987
148,True,29.28528248703044,1.5667182641302553,0.7984367896609708,3.460055909270214,3708.4502662278796,"vert
0       5958.407286
1       5513.341915
2       5609.438271
3       5636.981492
4       6015.370759
           ...     
3295    4048.181861
3296    3929.090413
3297    3625.987154
3298    2765.173994
3299    3414.152147
Length: 3300, dtype: float64",1.165914401179831e-05,0.28480358684357987
149,True,29.74985225614055,1.6103048937789366,0.8380429461831291,3.557532744340815,4088.579767351068,"vert
0       6769.282756
1       6524.369196
2       6600.857229
3       6610.317824
4       6775.589641
           ...     
3295    4738.785044
3296    4581.033225
3297    4247.239757
3298    3310.026050
3299    4079.215768
Length: 3300, dtype: float64",2.154434690031882e-05,0.28480358684357987
150,True,30.08610549889454,1.6522320976680305,0.8824964846125516,3.663868441618555,4485.904377257992,"vert
0       7916.776216
1       7922.790750
2       7920.599362
3       7926.269827
4       7999.305372
           ...     
3295    5545.827092
3296    5380.767095
3297    4970.647257
3298    3966.156921
3299    4865.472818
Length: 3300, dtype: float64",3.9810717055349695e-05,0.28480358684357987
151,True,30.366790547704092,1.6863468457083792,0.927961362488502,3.7675013327824147,4882.241879273137,"vert
0       9297.254927
1       9277.763904
2       9305.197287
3       9355.628046
4       9270.865620
           ...     
3295    6438.196520
3296    6264.111990
3297    5740.006938
3298    4614.111031
3299    5708.939748
Length: 3300, dtype: float64",7.356422544596421e-05,0.28480358684357987
152,True,30.659249943997708,1.7068090199648798,0.9572722840878904,3.833856746417728,5157.168952701706,"vert
0       10126.477687
1       10227.208032
2       10176.182186
3       10210.904139
4       10125.539392
            ...     
3295     7040.421125
3296     6881.031823
3297     6305.884010
3298     5104.045840
3299     6287.328307
Length: 3300, dtype: float64",0.00013593563908785255,0.28480358684357987
153,True,30.84020532791947,1.726121782419702,0.9754047068607745,3.8757948325823763,5329.408091583451,"vert
0       10617.388186
1       10798.563449
2       10712.253206
3       10732.081344
4       10683.195061
            ...     
3295     7396.759390
3296     7265.754318
3297     6667.146935
3298     5410.259053
3299     6651.245923
Length: 3300, dtype: float64",0.00025118864315095795,0.28480358684357987
154,True,30.94095227140472,1.7277463138635247,0.9888717087129945,3.904164335962061,5453.2924395853515,"vert
0       11142.637798
1       11322.081240
2       11226.344748
3       11265.172665
4       11133.752972
            ...     
3295     7741.436680
3296     7590.342780
3297     6949.770810
3298     5670.920564
3299     6967.405416
Length: 3300, dtype: float64",0.00046415888336127773,0.28480358684357987
155,True,31.044494433494165,1.7413042801331768,0.9946526123094226,3.920233909981094,5507.1676102365445,"vert
0       11195.398262
1       11514.043154
2       11347.021201
3       11330.581272
4       11264.814442
            ...     
3295     7811.146964
3296     7687.660627
3297     7052.069686
3298     5740.776968
3299     7077.085090
Length: 3300, dtype: float64",0.0008576958985908936,0.28480358684357987
156,True,30.99401581665664,1.7336147335865102,0.9997982677174646,3.9279943664509513,5554.435239868557,"vert
0       11546.624530
1       11726.242810
2       11635.199915
3       11689.474499
4       11525.085938
            ...     
3295     8003.545678
3296     7838.113404
3297     7166.585405
3298     5866.558900
3299     7212.314122
Length: 3300, dtype: float64",0.001584893192461114,0.28480358684357987
157,True,31.07327020880738,1.7363930119699809,1.0015513462473882,3.932239814085004,5576.304656240002,"vert
0       11537.946665
1       11756.473214
2       11618.293516
3       11661.980913
4       11542.752360
            ...     
3295     8034.298025
3296     7890.315841
3297     7229.716257
3298     5893.777644
3299     7229.567031
Length: 3300, dtype: float64",0.0029286445646252374,0.28480358684357987
158,True,30.955486513936645,1.7370958790881876,1.0042291479564074,3.9379796680642896,5587.091929503718,"vert
0       11722.595326
1       11934.518209
2       11840.500267
3       11872.258024
4       11736.913612
            ...     
3295     8104.020305
3296     7901.106046
3297     7212.857675
3298     5939.874581
3299     7303.875362
Length: 3300, dtype: float64",0.0054116952654646375,0.28480358684357987
159,True,31.083696828048517,1.7375120379117537,1.0031568778509872,3.9358143376763337,5592.71420124227,"vert
0       11585.557986
1       11825.095492
2       11681.255362
3       11725.723516
4       11587.407235
            ...     
3295     8064.043837
3296     7929.856020
3297     7261.532953
3298     5929.210837
3299     7276.194416
Length: 3300, dtype: float64",0.01,0.28480358684357987
160,True,28.46148054213963,1.3766565031430453,0.7460594072951054,3.3009681335855543,2851.82633724166,"vert
0       4849.943517
1       3239.760909
2       3016.653075
3       3431.888835
4       4691.169152
           ...     
3295    2981.242507
3296    2668.097557
3297    2520.766688
3298    1636.265783
3299    2158.460923
Length: 3300, dtype: float64",1e-06,0.5336699231206307
161,True,28.804185542342125,1.3740468234625973,0.7500953981740224,3.30777903030793,2889.7049089953225,"vert
0       4537.411813
1       3034.524976
2       2857.468089
3       3162.264876
4       4502.331148
           ...     
3295    2776.000306
3296    2912.295632
3297    2724.008066
3298    1601.506792
3299    2046.150465
Length: 3300, dtype: float64",1.8478497974222908e-06,0.5336699231206307
162,False,29.039510093757862,1.4000546838966654,0.7592520384864584,3.332841810538652,3037.8313601003397,"vert
0       4796.722544
1       3368.626941
2       3425.703186
3       3645.581710
4       4917.657790
           ...     
3295    2817.309553
3296    2681.585690
3297    2578.094577
3298    1654.979178
3299    2091.884130
Length: 3300, dtype: float64",3.4145488738336005e-06,0.5336699231206307
163,True,29.778885708431893,1.4295051404413937,0.7800725449196759,3.3837112295745926,3276.463385439303,"vert
0       4570.327966
1       3651.610355
2       3935.478294
3       3944.091823
4       4669.082368
           ...     
3295    3025.569900
3296    3039.530068
3297    2909.435002
3298    1813.302398
3299    2288.355695
Length: 3300, dtype: float64",6.30957344480193e-06,0.5336699231206307
164,True,29.276356867351303,1.5730387965340782,0.8007990778684011,3.466866050654049,3732.765330650675,"vert
0       5997.691713
1       5623.353864
2       5712.871835
3       5730.689849
4       6082.331523
           ...     
3295    4074.667874
3296    3960.758254
3297    3652.280316
3298    2795.770437
3299    3465.211331
Length: 3300, dtype: float64",1.165914401179831e-05,0.5336699231206307
165,True,29.620216920938674,1.6190255930864819,0.8410071144009245,3.5660959987274996,4102.547634530889,"vert
0       6942.779961
1       6777.407746
2       6845.140547
3       6853.242099
4       7020.598294
           ...     
3295    4773.259477
3296    4603.749560
3297    4254.887449
3298    3347.608910
3299    4133.248453
Length: 3300, dtype: float64",2.154434690031882e-05,0.5336699231206307
166,True,30.103651077909205,1.6551226612872934,0.8863566643975588,3.6721961226879563,4514.811995582866,"vert
0       8051.515771
1       8012.434298
2       8033.723348
3       8060.620111
4       8084.738085
           ...     
3295    5617.201099
3296    5459.437159
3297    5034.726322
3298    4009.121350
3299    4920.821707
Length: 3300, dtype: float64",3.9810717055349695e-05,0.5336699231206307
167,True,30.371012284931425,1.684283681578478,0.9261269728395836,3.7636514557261846,4871.14089397027,"vert
0       9196.681338
1       9249.640760
2       9233.402198
3       9256.793956
4       9218.969491
           ...     
3295    6395.249258
3296    6222.703064
3297    5714.918307
3298    4611.016314
3299    5676.689501
Length: 3300, dtype: float64",7.356422544596421e-05,0.5336699231206307
168,True,30.509890082436453,1.6972781550905474,0.9453884034103228,3.8069272875239415,5037.457237574095,"vert
0       9759.671072
1       9903.425975
2       9815.175356
3       9845.267935
4       9816.905501
           ...     
3295    6735.048640
3296    6575.658059
3297    6026.966601
3298    4882.115662
3299    6020.407453
Length: 3300, dtype: float64",0.00013593563908785255,0.5336699231206307
169,True,30.854031285223193,1.7202355944795524,0.9765409232524925,3.8768742733750075,5339.383391001002,"vert
0       10704.387414
1       10891.261777
2       10781.945320
3       10816.214884
4       10715.677530
            ...     
3295     7455.071239
3296     7306.252104
3297     6699.864224
3298     5442.665023
3299     6692.277896
Length: 3300, dtype: float64",0.00025118864315095795,0.5336699231206307
170,True,30.97164249422869,1.7322898014099313,0.9884523652600415,3.9038683453357264,5452.732260566737,"vert
0       11081.642055
1       11305.370231
2       11161.304219
3       11195.849773
4       11092.572592
            ...     
3295     7715.349896
3296     7580.675579
3297     6950.381160
3298     5665.575764
3299     6952.449768
Length: 3300, dtype: float64",0.00046415888336127773,0.5336699231206307
171,True,30.928385146252936,1.7320301512040506,0.9968511605193231,3.9216801179665257,5519.77333481938,"vert
0       11455.733151
1       11649.105878
2       11562.064919
3       11600.519031
4       11456.296051
            ...     
3295     7933.424384
3296     7741.281700
3297     7076.197798
3298     5810.124403
3299     7144.272930
Length: 3300, dtype: float64",0.0008576958985908936,0.5336699231206307
172,True,31.036224105276965,1.734437293113282,0.9994733092358727,3.9274585768795958,5555.153839363564,"vert
0       11502.230726
1       11692.607569
2       11579.240043
3       11625.179218
4       11485.876271
            ...     
3295     7987.303424
3296     7847.779782
3297     7182.594478
3298     5867.607495
3299     7201.865567
Length: 3300, dtype: float64",0.001584893192461114,0.5336699231206307
173,True,30.943444012721443,1.7362432049043788,1.0030825935632615,3.935431071773128,5575.98136727977,"vert
0       11691.606312
1       11897.931161
2       11811.123079
3       11841.895821
4       11699.657716
            ...     
3295     8079.245534
3296     7873.407250
3297     7189.913432
3298     5922.068617
3299     7279.439776
Length: 3300, dtype: float64",0.0029286445646252374,0.5336699231206307
174,True,31.048124143183525,1.73600324387204,1.0030948249109297,3.935173083504708,5586.7011155637065,"vert
0       11628.517531
1       11796.894220
2       11709.668686
3       11764.547621
4       11602.892997
            ...     
3295     8068.180174
3296     7919.457507
3297     7241.401385
3298     5923.503127
3299     7273.278420
Length: 3300, dtype: float64",0.0054116952654646375,0.5336699231206307
175,True,30.994636481309087,1.7364108412212313,1.0045908849311613,3.9384779231015155,5592.830866094393,"vert
0       11718.918946
1       11906.303078
2       11823.246120
3       11867.207923
4       11706.623821
            ...     
3295     8107.802210
3296     7920.475973
3297     7236.694958
3298     5944.014044
3299     7310.909996
Length: 3300, dtype: float64",0.01,0.5336699231206307
176,True,28.525818083034178,1.3453553078948473,0.7445359728182118,3.291078424865844,2753.2380757852047,"vert
0       4438.223709
1       2967.006869
2       2514.590051
3       2885.209981
4       4461.423773
           ...     
3295    2703.885315
3296    2765.054329
3297    2506.103626
3298    1510.703119
3299    1993.798215
Length: 3300, dtype: float64",1e-06,1.0
177,True,28.578964830772286,1.4089870681543715,0.7505729693841717,3.3171503956114448,2970.7683858122623,"vert
0       5094.690017
1       3531.857475
2       3361.993259
3       3761.446066
4       4895.555222
           ...     
3295    3104.728223
3296    2823.825230
3297    2649.816787
3298    1754.515757
3299    2318.932951
Length: 3300, dtype: float64",1.8478497974222908e-06,1.0
178,True,29.151388402924148,1.4032467098222141,0.7596318641260926,3.3343710630485153,3057.446430735167,"vert
0       4691.354702
1       3283.658791
2       3342.211921
3       3567.885152
4       4692.661039
           ...     
3295    2885.357500
3296    2930.823552
3297    2766.818767
3298    1692.463946
3299    2145.953131
Length: 3300, dtype: float64",3.4145488738336005e-06,1.0
179,True,29.03547807916668,1.5180062709056792,0.7778012650683217,3.4021019320811132,3444.770751408636,"vert
0       5740.275647
1       4737.730325
2       4859.333354
3       4988.087352
4       5638.131231
           ...     
3295    3655.652533
3296    3524.208248
3297    3249.236666
3298    2363.160813
3299    2969.288038
Length: 3300, dtype: float64",6.30957344480193e-06,1.0
180,True,29.505396527869216,1.5650548297875988,0.8036977930432639,3.4710283977586838,3760.6198556289496,"vert
0       5959.436236
1       5437.144353
2       5568.131272
3       5600.399966
4       5929.090470
           ...     
3295    4093.977882
3296    3923.868972
3297    3661.262585
3298    2783.451815
3299    3450.350656
Length: 3300, dtype: float64",1.165914401179831e-05,1.0
181,True,29.73651241455233,1.6119157795194994,0.8394881043717705,3.5611910315528923,4098.836154608716,"vert
0       6805.801912
1       6614.826935
2       6684.405452
3       6688.558233
4       6852.600145
           ...     
3295    4763.526155
3296    4597.085395
3297    4262.684880
3298    3325.973513
3299    4085.738530
Length: 3300, dtype: float64",2.154434690031882e-05,1.0
182,True,30.09402389257278,1.6534158344507413,0.8835419820782044,3.6663375484231753,4494.671481095219,"vert
0       7957.433103
1       7940.332470
2       7947.107574
3       7966.140209
4       8012.932378
           ...     
3295    5574.521967
3296    5405.163340
3297    4990.332327
3298    3969.487011
3299    4879.912238
Length: 3300, dtype: float64",3.9810717055349695e-05,1.0
183,True,30.36788264217272,1.6857852464435485,0.9271054857856226,3.7658320369541305,4877.773283884281,"vert
0       9245.628518
1       9271.934627
2       9274.699091
3       9308.829593
4       9246.987967
           ...     
3295    6416.632809
3296    6241.823942
3297    5724.382120
3298    4612.476193
3299    5692.213935
Length: 3300, dtype: float64",7.356422544596421e-05,1.0
184,True,30.661000991796296,1.7064332873895014,0.957349052230098,3.8339957858332,5157.9082940132985,"vert
0       10126.870846
1       10239.466472
2       10180.257466
3       10213.856586
4       10125.267091
            ...     
3295     7040.649793
3296     6880.368315
3297     6310.695112
3298     5107.422991
3299     6291.594867
Length: 3300, dtype: float64",0.00013593563908785255,1.0
185,True,30.854185652554065,1.720191242405301,0.9763393753812877,3.8765565875297225,5337.82399286185,"vert
0       10693.086910
1       10882.897127
2       10769.287815
3       10803.584487
4       10706.039992
            ...     
3295     7449.632274
3296     7298.261457
3297     6693.940347
3298     5436.488905
3299     6685.154021
Length: 3300, dtype: float64",0.00025118864315095795,1.0
186,True,30.951002590609555,1.7283159262340828,0.9885476867207017,3.9033006919746644,5449.61300579053,"vert
0       11145.688971
1       11300.687586
2       11207.512366
3       11253.696858
4       11114.441793
            ...     
3295     7733.030705
3296     7596.917478
3297     6952.379281
3298     5662.585859
3299     6953.385726
Length: 3300, dtype: float64",0.00046415888336127773,1.0
187,True,31.033245668768732,1.7332434927112665,0.9953194121171282,3.918789674297305,5518.81112775766,"vert
0       11299.911439
1       11543.413206
2       11399.594557
3       11431.650439
4       11318.419540
            ...     
3295     7873.998625
3296     7743.157065
3297     7096.927418
3298     5778.808093
3299     7096.537190
Length: 3300, dtype: float64",0.0008576958985908936,1.0
188,True,31.03265045755296,1.7342463041962206,0.9996051610819214,3.9275973252706864,5555.324843190128,"vert
0       11501.333788
1       11692.292800
2       11584.381558
3       11631.884149
4       11483.111065
            ...     
3295     7990.885906
3296     7847.607221
3297     7180.892814
3298     5861.891651
3299     7199.195205
Length: 3300, dtype: float64",0.001584893192461114,1.0
189,True,30.967950051259223,1.7352162848208625,1.003032696002818,3.9350799057688453,5575.910294610952,"vert
0       11656.458774
1       11862.302076
2       11777.842708
3       11815.075958
4       11658.817453
            ...     
3295     8072.524880
3296     7874.486776
3297     7196.930149
3298     5923.347671
3299     7281.240779
Length: 3300, dtype: float64",0.0029286445646252374,1.0
190,True,31.04421650431287,1.7353551345460894,1.003017299362781,3.9349261016281214,5586.8733044144155,"vert
0       11637.567592
1       11804.244989
2       11713.719638
3       11767.894209
4       11602.314956
            ...     
3295     8071.986372
3296     7919.990326
3297     7241.649350
3298     5917.689149
3299     7273.411882
Length: 3300, dtype: float64",0.0054116952654646375,1.0
191,True,30.99783801000215,1.736406155019722,1.0045340996013847,3.938367602066785,5592.6405572699505,"vert
0       11714.989109
1       11906.644769
2       11820.936235
3       11864.443153
4       11706.873228
            ...     
3295     8106.605746
3296     7918.744054
3297     7237.540808
3298     5946.999232
3299     7312.711079
Length: 3300, dtype: float64",0.01,1.0
